{"cameraMode":{"drawMode":0,"name":"Shaded","section":"Shading Mode"},"sceneLighting":true,"audioPlay":false,"sceneViewState":{"m_AlwaysRefresh":false,"showFog":true,"showSkybox":true,"showFlares":true,"showImageEffects":true,"showParticleSystems":true,"showVisualEffectGraphs":true,"m_FxEnabled":true},"in2DMode":false,"pivot":{"x":10.860754013061524,"y":1.5629832744598389,"z":8.684942245483399},"rotation":{"x":-0.0078001017682254318,"y":0.8472714424133301,"z":0.012448021210730076,"w":0.530961275100708},"size":6.641859531402588,"orthographic":false}