{"cameraMode":{"drawMode":0,"name":"Shaded","section":"Shading Mode"},"sceneLighting":true,"audioPlay":false,"sceneViewState":{"m_AlwaysRefresh":false,"showFog":true,"showSkybox":true,"showFlares":true,"showImageEffects":true,"showParticleSystems":true,"showVisualEffectGraphs":true,"m_FxEnabled":true},"in2DMode":false,"pivot":{"x":12.490521430969239,"y":-0.991814374923706,"z":4.658538341522217},"rotation":{"x":0.06349241733551026,"y":0.6028620600700378,"z":-0.048216357827186587,"w":0.7938571572303772},"size":13.634349822998047,"orthographic":false}